site,x,y
delicias,-5.089631,37.590692
malpica,-5.211566,37.674123
parlamento,-5.988554,37.40505
belen,-5.292967,37.71896
villaseca,-5.018263,37.784547
